{"stats":{"minecraft:crafted":{"minecraft:wooden_shovel":1,"minecraft:stone_shovel":1,"minecraft:cooked_porkchop":14,"minecraft:crafting_table":5,"butchercraft:cooked_pork_ribs":30,"minecraft:spruce_planks":156,"minecraft:wooden_pickaxe":1,"minecraft:spruce_door":3,"minecraft:furnace":4,"butchercraft:butcher_block_block_item":2,"butchercraft:cooked_pork_roast":3,"butchercraft:cooked_lamb_roast":14,"minecraft:stone_axe":1,"minecraft:cooked_mutton":20,"minecraft:air":0,"butchercraft:cooked_lamb_ribs":4,"butchercraft:cooked_pork_scraps":15,"easyhammers:grass_hammer":1,"minecraft:spruce_slab":12,"minecraft:stick":80,"minecraft:iron_ingot":5,"minecraft:stone_pickaxe":2,"minecraft:wooden_axe":1,"minecraft:stone_sword":1,"minecraft:chest":5,"butchercraft:cooked_pork_stewmeat":2,"easyhammers:stone_hammer":5,"minecraft:torch":144,"minecraft:smoker":2},"minecraft:dropped":{"minecraft:stone_axe":1,"minecraft:raw_copper":5,"minecraft:stone_shovel":1,"minecraft:cooked_porkchop":4,"minecraft:raw_iron":4,"minecraft:cobblestone":328,"minecraft:clay_ball":28,"butchercraft:cooked_pork_stewmeat":1,"butchercraft:cooked_pork_roast":1,"butchercraft:lamb_scraps":1,"minecraft:dirt":5,"born_in_chaos_v1:gnawed_bones":1,"butchercraft:blood_fluid_bucket":1,"minecraft:spruce_log":1},"minecraft:custom":{"minecraft:interact_with_smithing_table":2,"minecraft:interact_with_furnace":23,"minecraft:mob_kills":3,"minecraft:interact_with_crafting_table":36,"minecraft:open_barrel":3,"minecraft:leave_game":5,"minecraft:time_since_death":75520,"minecraft:sleep_in_bed":5,"minecraft:climb_one_cm":12,"minecraft:time_since_rest":7142,"minecraft:sprint_one_cm":444523,"minecraft:damage_taken":1301,"minecraft:walk_one_cm":550331,"minecraft:drop":20,"minecraft:damage_dealt":1018,"minecraft:talked_to_villager":3,"minecraft:fly_one_cm":368787,"minecraft:open_chest":72,"minecraft:crouch_one_cm":89676,"minecraft:play_time":303347,"minecraft:deaths":4,"minecraft:sneak_time":46351,"minecraft:walk_under_water_one_cm":566,"minecraft:jump":2214,"minecraft:interact_with_blast_furnace":2,"minecraft:walk_on_water_one_cm":13621,"minecraft:interact_with_smoker":45,"minecraft:total_world_time":303347,"minecraft:fall_one_cm":22293},"minecraft:mined":{"minecraft:smithing_table":1,"minecraft:spruce_planks":11,"farmersdelight:onions":7,"minecraft:spruce_door":1,"minecraft:clay":9,"minecraft:crafting_table":1,"minecraft:torch":4,"minecraft:blast_furnace":1,"minecraft:grass_block":3,"minecraft:chest":1,"minecraft:copper_ore":4,"minecraft:cobblestone":53,"minecraft:spruce_leaves":3,"minecraft:lapis_ore":1,"born_in_chaos_v1:gnawed_bones":1,"minecraft:blue_bed":2,"minecraft:wall_torch":14,"minecraft:furnace":1,"minecraft:stripped_spruce_wood":5,"minecraft:iron_ore":7,"minecraft:ice":1,"minecraft:stripped_spruce_log":12,"treechop:chopped_log":2,"minecraft:grass":1,"minecraft:potatoes":1,"minecraft:coal_ore":96,"minecraft:gravel":6,"minecraft:dirt":53,"minecraft:stone":584,"born_in_chaos_v1:mesh_door":1},"minecraft:killed_by":{"mokey:mokey":1,"goatman:goatman":3},"minecraft:broken":{"minecraft:stone_pickaxe":1,"easyhammers:stone_hammer":2},"minecraft:killed":{"minecraft:pig":2,"minecraft:chicken":1,"born_in_chaos_v1:corpse_fly":1},"minecraft:used":{"butchercraft:chicken_scraps":1,"minecraft:stone_sword":25,"easyhammers:grass_hammer":1,"minecraft:spruce_door":4,"easyhammers:stone_hammer":530,"minecraft:stone_pickaxe":226,"minecraft:stone_shovel":46,"minecraft:chest":6,"minecraft:spruce_planks":25,"minecraft:wooden_pickaxe":8,"minecraft:wooden_shovel":14,"minecraft:blue_bed":2,"butchercraft:butcher_block_block_item":2,"simpletomb:grave_key":9,"minecraft:torch":141,"farmersdelight:onion":63,"minecraft:dirt":2,"minecraft:crafting_table":6,"minecraft:blast_furnace":1,"butchercraft:cooked_pork_scraps":5,"butchercraft:pig_hide":1,"minecraft:smoker":2,"butchercraft:cooked_pork_roast":1,"minecraft:wooden_axe":47,"minecraft:bread":2,"born_in_chaos_v1:mesh_door":1,"minecraft:cobblestone":949,"born_in_chaos_v1:rotten_fish":1,"minecraft:furnace":3,"alexsmobs:animal_dictionary":1,"minecraft:potato":5},"minecraft:picked_up":{"minecraft:crafting_table":1,"minecraft:feather":2,"minecraft:clay_ball":28,"butchercraft:pork_ribs":6,"minecraft:smithing_table":1,"minecraft:potato":1,"knight_quest:kq_goblet_empty":1,"butchercraft:pork_scraps":15,"minecraft:flint":1,"butchercraft:pig_hide":1,"minecraft:stripped_spruce_wood":5,"minecraft:lapis_lazuli":42,"minecraft:blue_bed":2,"minecraft:dirt":49,"born_in_chaos_v1:mesh_door":1,"minecraft:raw_copper":65,"minecraft:bone":12,"minecraft:spruce_planks":15,"born_in_chaos_v1:gnawed_bones":1,"butchercraft:pork_stewmeat":2,"minecraft:chest":1,"butchercraft:cubed_pork":4,"minecraft:furnace":1,"minecraft:stick":4,"minecraft:raw_iron":9,"minecraft:cooked_porkchop":15,"minecraft:torch":22,"minecraft:gravel":5,"minecraft:porkchop":14,"butchercraft:cooked_pork_stewmeat":1,"butchercraft:cooked_pork_roast":8,"minecraft:stripped_spruce_log":12,"minecraft:spruce_sapling":10,"minecraft:blast_furnace":1,"minecraft:spruce_log":17,"minecraft:spruce_door":1,"butchercraft:pork_roast":10,"butchercraft:chicken_scraps":1,"minecraft:stone_shovel":1,"farmersdelight:onion":26,"butchercraft:chicken_carcass":1,"butchercraft:lamb_scraps":1,"butchercraft:blood_fluid_bucket":1,"butchercraft:cooked_cubed_pork":2,"born_in_chaos_v1:rotten_fish":1,"minecraft:coal":236,"minecraft:cobblestone":4589}},"DataVersion":3120}