{"stats":{"minecraft:custom":{"minecraft:interact_with_smithing_table":2,"minecraft:mob_kills":6,"minecraft:interact_with_crafting_table":51,"minecraft:open_barrel":3,"minecraft:leave_game":6,"minecraft:time_since_death":59107,"minecraft:climb_one_cm":668,"minecraft:sprint_one_cm":629024,"minecraft:walk_one_cm":718581,"minecraft:drop":67,"minecraft:talked_to_villager":3,"minecraft:play_time":411766,"minecraft:deaths":5,"minecraft:sneak_time":61869,"minecraft:walk_under_water_one_cm":566,"minecraft:jump":2627,"minecraft:interact_with_blast_furnace":20,"minecraft:walk_on_water_one_cm":14064,"minecraft:total_world_time":411766,"minecraft:interact_with_furnace":28,"minecraft:sleep_in_bed":9,"minecraft:time_since_rest":7341,"minecraft:damage_taken":1731,"minecraft:damage_dealt":2184,"minecraft:fly_one_cm":398873,"minecraft:open_chest":141,"minecraft:crouch_one_cm":119155,"minecraft:interact_with_smoker":94,"minecraft:fall_one_cm":24803},"minecraft:dropped":{"butchercraft:sinew":6,"easyhammers:stone_hammer":2,"minecraft:cooked_porkchop":4,"minecraft:cobblestone":600,"butchercraft:cooked_pork_stewmeat":1,"butchercraft:lamb_scraps":1,"minecraft:dirt":8,"born_in_chaos_v1:gnawed_bones":1,"born_in_chaos_v1:black_argillite":8,"minecraft:torch":24,"butchercraft:blood_fluid_bucket":1,"minecraft:stone_axe":1,"minecraft:cobbled_deepslate":256,"minecraft:raw_copper":5,"minecraft:tuff":20,"minecraft:raw_iron":4,"minecraft:stone_shovel":1,"minecraft:clay_ball":92,"minecraft:iron_boots":1,"butchercraft:cooked_pork_roast":1,"minecraft:spruce_log":1,"sniffsweapons:binding_string":1},"minecraft:used":{"butchercraft:pig_head_item":1,"butchercraft:chicken_scraps":1,"minecraft:stone_sword":62,"minecraft:stone_shovel":80,"minecraft:spruce_planks":25,"minecraft:chest":7,"minecraft:wooden_shovel":14,"simpletomb:grave_key":10,"minecraft:torch":204,"minecraft:dirt":2,"butchercraft:sheep_hide":2,"butchercraft:cooked_pork_roast":1,"minecraft:wooden_axe":53,"minecraft:furnace":3,"minecraft:potato":5,"minecraft:cobbled_deepslate":120,"butchercraft:cow_hide":1,"easyhammers:grass_hammer":1,"minecraft:spruce_door":4,"easyhammers:stone_hammer":698,"minecraft:stone_pickaxe":240,"minecraft:wooden_pickaxe":8,"minecraft:blue_bed":2,"butchercraft:butcher_block_block_item":2,"farmersdelight:onion":63,"minecraft:crafting_table":7,"minecraft:blast_furnace":1,"butchercraft:cooked_pork_scraps":5,"minecraft:smoker":2,"butchercraft:pig_hide":2,"minecraft:bread":2,"born_in_chaos_v1:smoked_monster_flesh":1,"born_in_chaos_v1:mesh_door":1,"minecraft:cobblestone":1079,"born_in_chaos_v1:rotten_fish":1,"minecraft:cooked_porkchop":4,"alexsmobs:animal_dictionary":1},"minecraft:mined":{"minecraft:tuff":5,"minecraft:spruce_planks":11,"farmersdelight:onions":7,"minecraft:grass_block":3,"minecraft:spruce_leaves":3,"butchercraft:pig_hide_carpet":1,"butchercraft:cow_hide_carpet":1,"born_in_chaos_v1:gnawed_bones":1,"minecraft:furnace":1,"minecraft:cobbled_deepslate":3,"minecraft:iron_ore":12,"minecraft:stripped_spruce_log":12,"treechop:chopped_log":2,"minecraft:big_dripleaf_stem":1,"minecraft:potatoes":1,"minecraft:deepslate_iron_ore":8,"minecraft:stone":620,"born_in_chaos_v1:mesh_door":1,"minecraft:smithing_table":1,"butchercraft:sheep_hide_carpet":1,"butchercraft:pig_head_wall":1,"minecraft:spruce_door":1,"minecraft:clay":43,"minecraft:crafting_table":1,"minecraft:torch":6,"minecraft:blast_furnace":1,"minecraft:chest":1,"minecraft:cobblestone":54,"minecraft:copper_ore":4,"minecraft:lapis_ore":1,"minecraft:oak_planks":6,"minecraft:blue_bed":2,"minecraft:wall_torch":17,"minecraft:stripped_spruce_wood":5,"minecraft:ice":1,"minecraft:grass":2,"minecraft:coal_ore":101,"minecraft:gravel":6,"minecraft:dirt":56,"minecraft:deepslate":116},"minecraft:broken":{"minecraft:stone_pickaxe":1,"easyhammers:stone_hammer":4},"minecraft:crafted":{"minecraft:stone_shovel":1,"butchercraft:cooked_pork_ribs":48,"minecraft:furnace":4,"butchercraft:cooked_pork_roast":73,"butchercraft:cooked_lamb_roast":14,"born_in_chaos_v1:smoked_monster_flesh":1,"minecraft:cooked_mutton":20,"butchercraft:cooked_lamb_ribs":4,"minecraft:iron_boots":1,"minecraft:leather":2,"born_in_chaos_v1:fried_maggot":1,"minecraft:spruce_slab":12,"minecraft:stone_pickaxe":2,"minecraft:chest":7,"minecraft:dark_oak_planks":20,"minecraft:smoker":2,"minecraft:cooked_beef":85,"minecraft:wooden_shovel":1,"sophisticatedbackpacks:backpack":1,"butchercraft:cooked_beef_roast":84,"minecraft:cooked_porkchop":112,"minecraft:crafting_table":6,"minecraft:spruce_planks":168,"minecraft:iron_helmet":1,"minecraft:wooden_pickaxe":1,"minecraft:spruce_door":3,"butchercraft:butcher_block_block_item":2,"minecraft:stone_axe":1,"minecraft:air":0,"butchercraft:cooked_pork_scraps":15,"minecraft:iron_chestplate":1,"easyhammers:grass_hammer":1,"minecraft:stick":112,"minecraft:iron_ingot":39,"minecraft:wooden_axe":1,"minecraft:stone_sword":1,"minecraft:iron_leggings":1,"easyhammers:stone_hammer":10,"butchercraft:cooked_pork_stewmeat":2,"minecraft:torch":248},"minecraft:killed":{"born_in_chaos_v1:maggot":1,"minecraft:skeleton":1,"minecraft:chicken":1,"minecraft:pig":2,"kevin_trophy:crawler_zombie":1,"born_in_chaos_v1:corpse_fly":1},"minecraft:picked_up":{"minecraft:crafting_table":1,"minecraft:clay_ball":88,"butchercraft:pork_ribs":6,"minecraft:smithing_table":1,"knight_quest:kq_goblet_empty":1,"butchercraft:pork_scraps":15,"born_in_chaos_v1:black_argillite":9,"sniffsweapons:binding_string":1,"born_in_chaos_v1:mesh_door":1,"minecraft:raw_copper":65,"minecraft:cobbled_deepslate":531,"butchercraft:brain":1,"minecraft:spruce_planks":15,"born_in_chaos_v1:gnawed_bones":1,"butchercraft:pork_stewmeat":2,"minecraft:chest":1,"minecraft:iron_boots":1,"butchercraft:cubed_pork":4,"minecraft:furnace":1,"minecraft:stick":4,"minecraft:raw_iron":43,"born_in_chaos_v1:shattered_skull":1,"minecraft:torch":29,"minecraft:porkchop":14,"butchercraft:cooked_pork_roast":8,"butchercraft:sheep_hide":2,"butchercraft:pork_roast":10,"butchercraft:chicken_scraps":1,"minecraft:arrow":1,"minecraft:stone_shovel":1,"farmersdelight:onion":26,"butchercraft:chicken_carcass":1,"butchercraft:blood_fluid_bucket":1,"minecraft:cobblestone":5117,"born_in_chaos_v1:corpse_maggot":1,"minecraft:feather":2,"born_in_chaos_v1:monster_flesh":1,"butchercraft:pig_head_item":1,"minecraft:potato":1,"butchercraft:cow_hide":1,"minecraft:tuff":24,"minecraft:flint":1,"minecraft:stripped_spruce_wood":5,"butchercraft:pig_hide":3,"minecraft:blue_bed":2,"minecraft:lapis_lazuli":42,"minecraft:dirt":52,"minecraft:bone":14,"minecraft:oak_planks":6,"minecraft:cooked_porkchop":15,"minecraft:quartz":1,"minecraft:gravel":5,"minecraft:stripped_spruce_log":12,"minecraft:spruce_sapling":10,"butchercraft:cooked_pork_stewmeat":1,"minecraft:blast_furnace":1,"minecraft:spruce_log":17,"minecraft:spruce_door":1,"butchercraft:lamb_scraps":1,"butchercraft:cooked_cubed_pork":2,"born_in_chaos_v1:rotten_fish":1,"minecraft:coal":256},"minecraft:killed_by":{"goatman:goatman":3,"mokey:mokey":1,"cave_dweller:cave_dweller":1}},"DataVersion":3120}