{"stats":{"minecraft:killed":{"born_in_chaos_v1:maggot":4,"minecraft:skeleton":1,"minecraft:chicken":1,"minecraft:pig":2,"born_in_chaos_v1:zombie_fisherman":1,"kevin_trophy:crawler_zombie":1,"born_in_chaos_v1:corpse_fly":1},"minecraft:mined":{"minecraft:tuff":34,"minecraft:spruce_planks":11,"farmersdelight:onions":7,"minecraft:grass_block":3,"butchercraft:goat_hide_carpet":1,"minecraft:spruce_leaves":3,"butchercraft:pig_hide_carpet":1,"minecraft:moss_block":1,"butchercraft:cow_hide_carpet":1,"born_in_chaos_v1:gnawed_bones":1,"butchercraft:goat_head_wall":1,"minecraft:furnace":1,"minecraft:iron_ore":12,"minecraft:cobbled_deepslate":17,"minecraft:stripped_spruce_log":12,"treechop:chopped_log":2,"minecraft:big_dripleaf_stem":1,"minecraft:potatoes":1,"minecraft:deepslate_iron_ore":21,"minecraft:stone":629,"born_in_chaos_v1:mesh_door":1,"minecraft:smithing_table":1,"butchercraft:sheep_hide_carpet":1,"butchercraft:pig_head_wall":1,"minecraft:spruce_door":1,"minecraft:clay":43,"minecraft:crafting_table":1,"minecraft:torch":7,"minecraft:blast_furnace":1,"minecraft:chest":1,"minecraft:copper_ore":4,"minecraft:cobblestone":64,"minecraft:lapis_ore":1,"minecraft:oak_planks":6,"minecraft:blue_bed":3,"minecraft:wall_torch":23,"minecraft:stripped_spruce_wood":5,"minecraft:ice":1,"minecraft:grass":3,"minecraft:coal_ore":101,"minecraft:gravel":6,"minecraft:dirt":57,"minecraft:deepslate":241},"minecraft:used":{"butchercraft:pig_head_item":1,"minecraft:stone_sword":110,"butchercraft:chicken_scraps":1,"minecraft:flint_and_steel":1,"minecraft:stone_shovel":80,"minecraft:chest":7,"minecraft:spruce_planks":25,"minecraft:wooden_shovel":14,"born_in_chaos_v1:fried_maggot":1,"simpletomb:grave_key":14,"minecraft:torch":244,"minecraft:dirt":2,"minecraft:tuff":52,"butchercraft:cooked_pork_roast":1,"butchercraft:sheep_hide":2,"minecraft:wooden_axe":53,"minecraft:furnace":3,"minecraft:potato":5,"minecraft:cobbled_deepslate":466,"butchercraft:cow_hide":1,"easyhammers:grass_hammer":1,"minecraft:spruce_door":4,"easyhammers:stone_hammer":888,"minecraft:stone_pickaxe":255,"minecraft:wooden_pickaxe":8,"minecraft:blue_bed":2,"butchercraft:butcher_block_block_item":2,"farmersdelight:onion":63,"minecraft:crafting_table":7,"minecraft:blast_furnace":1,"butchercraft:cooked_pork_scraps":5,"butchercraft:pig_hide":2,"minecraft:smoker":2,"minecraft:bread":2,"born_in_chaos_v1:smoked_monster_flesh":1,"born_in_chaos_v1:mesh_door":1,"minecraft:cobblestone":1189,"born_in_chaos_v1:rotten_fish":1,"minecraft:cooked_porkchop":23,"alexsmobs:animal_dictionary":1},"minecraft:crafted":{"minecraft:stone_shovel":1,"butchercraft:cooked_pork_ribs":48,"minecraft:furnace":4,"butchercraft:cooked_pork_roast":73,"butchercraft:cooked_lamb_roast":14,"born_in_chaos_v1:smoked_monster_flesh":1,"butchercraft:goat_hood":1,"minecraft:cooked_mutton":20,"butchercraft:cooked_lamb_ribs":4,"minecraft:flint_and_steel":1,"minecraft:iron_boots":1,"minecraft:leather":2,"minecraft:spruce_slab":12,"born_in_chaos_v1:fried_maggot":1,"minecraft:stone_pickaxe":2,"minecraft:chest":7,"minecraft:dark_oak_planks":20,"minecraft:smoker":2,"sophisticatedbackpacks:iron_backpack":1,"minecraft:cooked_beef":85,"minecraft:wooden_shovel":1,"sophisticatedbackpacks:backpack":1,"butchercraft:cooked_beef_roast":84,"minecraft:cooked_porkchop":112,"minecraft:crafting_table":6,"minecraft:spruce_planks":168,"minecraft:iron_helmet":1,"minecraft:wooden_pickaxe":1,"minecraft:spruce_door":3,"butchercraft:butcher_block_block_item":2,"minecraft:stone_axe":1,"butchercraft:chicken_mask":1,"minecraft:air":0,"butchercraft:cooked_pork_scraps":15,"minecraft:iron_chestplate":1,"easyhammers:grass_hammer":1,"minecraft:stick":120,"minecraft:iron_ingot":39,"minecraft:wooden_axe":1,"minecraft:stone_sword":1,"minecraft:iron_leggings":1,"easyhammers:stone_hammer":10,"butchercraft:cooked_pork_stewmeat":2,"minecraft:torch":280},"minecraft:custom":{"minecraft:interact_with_smithing_table":2,"minecraft:mob_kills":10,"minecraft:interact_with_crafting_table":63,"minecraft:open_barrel":3,"minecraft:leave_game":8,"minecraft:time_since_death":16128,"minecraft:climb_one_cm":668,"minecraft:sprint_one_cm":908581,"minecraft:walk_one_cm":975954,"minecraft:drop":109,"minecraft:talked_to_villager":3,"minecraft:play_time":567656,"minecraft:sneak_time":75107,"minecraft:deaths":9,"minecraft:walk_under_water_one_cm":566,"minecraft:jump":3432,"minecraft:interact_with_blast_furnace":22,"minecraft:walk_on_water_one_cm":14876,"minecraft:total_world_time":567656,"minecraft:interact_with_furnace":34,"minecraft:sleep_in_bed":13,"minecraft:time_since_rest":16260,"minecraft:damage_taken":4006,"minecraft:damage_dealt":3553,"minecraft:fly_one_cm":464136,"minecraft:player_kills":1,"minecraft:open_chest":221,"minecraft:crouch_one_cm":150377,"minecraft:interact_with_smoker":95,"minecraft:fall_one_cm":30681},"minecraft:picked_up":{"minecraft:crafting_table":1,"minecraft:clay_ball":88,"butchercraft:pork_ribs":6,"minecraft:smithing_table":1,"knight_quest:kq_goblet_empty":1,"butchercraft:pork_scraps":15,"born_in_chaos_v1:black_argillite":9,"sniffsweapons:binding_string":1,"born_in_chaos_v1:mesh_door":1,"minecraft:raw_copper":65,"minecraft:cobbled_deepslate":2204,"butchercraft:brain":1,"minecraft:spruce_planks":15,"born_in_chaos_v1:gnawed_bones":1,"butchercraft:pork_stewmeat":2,"minecraft:chest":1,"minecraft:furnace":1,"minecraft:iron_boots":1,"butchercraft:cubed_pork":4,"minecraft:dark_oak_sapling":1,"minecraft:stick":4,"minecraft:raw_iron":80,"born_in_chaos_v1:shattered_skull":1,"minecraft:torch":38,"minecraft:porkchop":14,"butchercraft:chicken_mask":1,"butchercraft:cooked_pork_roast":8,"butchercraft:sheep_hide":2,"butchercraft:pork_roast":10,"butchercraft:chicken_scraps":1,"minecraft:arrow":1,"minecraft:rotten_flesh":1,"minecraft:stone_shovel":1,"farmersdelight:onion":26,"butchercraft:goat_hide":1,"butchercraft:chicken_carcass":1,"butchercraft:blood_fluid_bucket":1,"minecraft:glow_berries":1,"minecraft:cobblestone":5584,"born_in_chaos_v1:corpse_maggot":4,"minecraft:feather":2,"born_in_chaos_v1:monster_flesh":1,"butchercraft:pig_head_item":1,"minecraft:potato":1,"minecraft:stripped_spruce_wood":5,"butchercraft:cow_hide":1,"minecraft:flint":1,"minecraft:tuff":288,"butchercraft:pig_hide":3,"minecraft:lapis_lazuli":42,"minecraft:dirt":52,"minecraft:blue_bed":2,"minecraft:bone":14,"minecraft:oak_planks":6,"minecraft:cooked_porkchop":15,"minecraft:sweet_berries":3,"minecraft:quartz":1,"minecraft:gravel":5,"minecraft:stripped_spruce_log":12,"minecraft:spruce_sapling":10,"butchercraft:cooked_pork_stewmeat":1,"minecraft:blast_furnace":1,"minecraft:spruce_log":17,"butchercraft:goat_head_item":1,"minecraft:spruce_door":1,"butchercraft:lamb_scraps":1,"butchercraft:cooked_cubed_pork":2,"born_in_chaos_v1:rotten_fish":2,"minecraft:coal":259},"minecraft:killed_by":{"minecraft:player":2,"goatman:goatman":3,"man:managgresive":1,"mokey:mokey":2,"cave_dweller:cave_dweller":1},"minecraft:broken":{"minecraft:stone_pickaxe":1,"easyhammers:stone_hammer":5},"minecraft:dropped":{"butchercraft:chicken_mask":2,"butchercraft:sinew":6,"easyhammers:stone_hammer":3,"minecraft:cooked_porkchop":14,"minecraft:cobblestone":984,"butchercraft:cooked_pork_stewmeat":1,"butchercraft:lamb_scraps":1,"minecraft:dirt":8,"born_in_chaos_v1:gnawed_bones":1,"born_in_chaos_v1:black_argillite":8,"minecraft:torch":59,"butchercraft:blood_fluid_bucket":1,"minecraft:stone_axe":1,"minecraft:cobbled_deepslate":945,"minecraft:raw_copper":5,"minecraft:tuff":138,"minecraft:stone_shovel":1,"minecraft:raw_iron":4,"minecraft:clay_ball":92,"minecraft:iron_boots":1,"butchercraft:cooked_pork_roast":1,"knight_quest:kq_great_essence":1,"minecraft:spruce_log":1,"minecraft:arrow":2,"sniffsweapons:binding_string":1}},"DataVersion":3120}