{"stats":{"minecraft:dropped":{"born_in_chaos_v1:gnawed_bones":1},"minecraft:crafted":{"minecraft:wooden_shovel":1,"minecraft:stone_shovel":1,"minecraft:crafting_table":5,"minecraft:spruce_planks":120,"minecraft:wooden_pickaxe":1,"minecraft:spruce_door":3,"minecraft:furnace":2,"minecraft:air":0,"butchercraft:cooked_pork_scraps":5,"easyhammers:grass_hammer":1,"minecraft:stick":56,"minecraft:iron_ingot":5,"minecraft:stone_pickaxe":2,"minecraft:wooden_axe":1,"minecraft:stone_sword":1,"minecraft:chest":2,"easyhammers:stone_hammer":3,"minecraft:torch":96},"minecraft:custom":{"minecraft:interact_with_smithing_table":2,"minecraft:interact_with_furnace":13,"minecraft:mob_kills":3,"minecraft:interact_with_crafting_table":23,"minecraft:open_barrel":3,"minecraft:leave_game":4,"minecraft:time_since_death":9797,"minecraft:sleep_in_bed":2,"minecraft:climb_one_cm":12,"minecraft:time_since_rest":9865,"minecraft:sprint_one_cm":276525,"minecraft:damage_taken":1081,"minecraft:walk_one_cm":333088,"minecraft:drop":1,"minecraft:damage_dealt":950,"minecraft:talked_to_villager":3,"minecraft:fly_one_cm":323813,"minecraft:open_chest":20,"minecraft:crouch_one_cm":66506,"minecraft:play_time":209917,"minecraft:deaths":3,"minecraft:sneak_time":33298,"minecraft:walk_under_water_one_cm":474,"minecraft:jump":1648,"minecraft:walk_on_water_one_cm":5769,"minecraft:total_world_time":209917,"minecraft:fall_one_cm":20383},"minecraft:mined":{"minecraft:smithing_table":1,"minecraft:spruce_planks":10,"farmersdelight:onions":7,"minecraft:crafting_table":1,"minecraft:torch":2,"minecraft:blast_furnace":1,"minecraft:grass_block":3,"minecraft:copper_ore":2,"minecraft:cobblestone":29,"minecraft:spruce_leaves":3,"minecraft:lapis_ore":1,"born_in_chaos_v1:gnawed_bones":1,"minecraft:wall_torch":7,"minecraft:blue_bed":2,"minecraft:furnace":1,"minecraft:stripped_spruce_wood":5,"minecraft:iron_ore":6,"minecraft:ice":1,"minecraft:stripped_spruce_log":12,"treechop:chopped_log":2,"minecraft:potatoes":1,"minecraft:coal_ore":73,"minecraft:gravel":6,"minecraft:dirt":31,"minecraft:stone":370,"born_in_chaos_v1:mesh_door":1},"minecraft:killed_by":{"goatman:goatman":3},"minecraft:broken":{"minecraft:stone_pickaxe":1,"easyhammers:stone_hammer":1},"minecraft:killed":{"minecraft:pig":2,"minecraft:chicken":1,"born_in_chaos_v1:corpse_fly":1},"minecraft:used":{"minecraft:stone_sword":22,"easyhammers:grass_hammer":1,"minecraft:spruce_door":1,"easyhammers:stone_hammer":331,"minecraft:stone_shovel":16,"minecraft:stone_pickaxe":158,"minecraft:spruce_planks":25,"minecraft:chest":2,"minecraft:wooden_pickaxe":8,"minecraft:blue_bed":2,"minecraft:wooden_shovel":14,"simpletomb:grave_key":8,"minecraft:torch":86,"farmersdelight:onion":50,"minecraft:dirt":2,"minecraft:crafting_table":6,"butchercraft:cooked_pork_scraps":5,"minecraft:wooden_axe":46,"minecraft:bread":2,"born_in_chaos_v1:mesh_door":1,"minecraft:cobblestone":682,"born_in_chaos_v1:rotten_fish":1,"minecraft:furnace":3,"alexsmobs:animal_dictionary":1,"minecraft:potato":5},"minecraft:picked_up":{"minecraft:crafting_table":1,"minecraft:feather":2,"minecraft:smithing_table":1,"minecraft:potato":1,"butchercraft:pork_scraps":5,"minecraft:flint":1,"minecraft:stripped_spruce_wood":5,"minecraft:lapis_lazuli":42,"minecraft:blue_bed":2,"minecraft:dirt":35,"born_in_chaos_v1:mesh_door":1,"minecraft:raw_copper":27,"minecraft:spruce_planks":9,"born_in_chaos_v1:gnawed_bones":1,"minecraft:furnace":1,"minecraft:stick":4,"minecraft:raw_iron":5,"minecraft:torch":11,"minecraft:gravel":5,"minecraft:stripped_spruce_log":12,"minecraft:spruce_sapling":10,"minecraft:blast_furnace":1,"minecraft:spruce_log":15,"butchercraft:chicken_scraps":1,"farmersdelight:onion":26,"born_in_chaos_v1:rotten_fish":1,"minecraft:coal":157,"minecraft:cobblestone":2773}},"DataVersion":3120}