{"stats":{"minecraft:dropped":{"minecraft:wheat_seeds":4,"butchercraft:pork_stewmeat":2,"minecraft:cooked_porkchop":3,"minecraft:poisonous_potato":1,"minecraft:cobblestone":731,"minecraft:leather_helmet":2,"born_in_chaos_v1:monster_flesh":2,"butchercraft:lamb_scraps":1,"minecraft:dirt":12,"minecraft:gray_wool":1,"minecraft:wooden_axe":1,"minecraft:brown_wool":1,"farmersdelight:onion":4,"minecraft:wooden_sword":1,"minecraft:iron_pickaxe":1,"alexsmobs:raccoon_tail":1,"minecraft:stone_axe":1,"minecraft:iron_nugget":4,"minecraft:stone_sword":1,"butchercraft:cooked_cubed_pork":2,"minecraft:raw_copper":37,"minecraft:bowl":1,"butchercraft:chicken_carcass":1,"born_in_chaos_v1:rotten_fish":1,"farmersdelight:cabbage_seeds":2,"minecraft:rotten_flesh":6,"minecraft:light_gray_wool":1,"butchercraft:chicken_scraps":1,"minecraft:white_bed":3,"knight_quest:kq_goblet_empty":1,"butchercraft:cooked_pork_roast":7,"minecraft:poppy":1,"minecraft:spruce_planks":4,"minecraft:beetroot_seeds":3,"born_in_chaos_v1:corpse_maggot":3,"minecraft:arrow":1,"minecraft:stone_pickaxe":1},"minecraft:crafted":{"minecraft:wooden_sword":1,"easyhammers:iron_hammer":1,"minecraft:iron_nugget":9,"minecraft:chain":1,"minecraft:furnace":4,"butchercraft:cooked_pork_roast":7,"minecraft:iron_boots":1,"minecraft:stone_pickaxe":2,"minecraft:chest":5,"butchercraft:butcher_knife":1,"butchercraft:meat_hook_item":1,"easyhammers:coal_hammer":1,"butchercraft:skinning_knife":1,"minecraft:crafting_table":3,"minecraft:spruce_planks":100,"minecraft:baked_potato":100,"minecraft:wooden_pickaxe":1,"minecraft:iron_helmet":1,"knight_quest:kq_goblet_empty":1,"minecraft:copper_ingot":81,"minecraft:bucket":1,"minecraft:stone_axe":1,"minecraft:air":0,"minecraft:shield":1,"minecraft:stick":60,"butchercraft:gut_knife":1,"minecraft:iron_ingot":29,"minecraft:iron_pickaxe":1,"minecraft:wooden_axe":1,"minecraft:stone_sword":2,"easyhammers:stone_hammer":2,"minecraft:torch":152,"butchercraft:bone_saw":1},"minecraft:custom":{"minecraft:mob_kills":47,"minecraft:interact_with_crafting_table":49,"minecraft:damage_dealt_resisted":98,"minecraft:climb_one_cm":1054,"minecraft:leave_game":3,"minecraft:time_since_death":10540,"minecraft:sprint_one_cm":820947,"minecraft:walk_one_cm":523050,"minecraft:damage_blocked_by_shield":1620,"minecraft:drop":56,"minecraft:talked_to_villager":9,"minecraft:play_time":321018,"minecraft:deaths":14,"minecraft:sneak_time":11720,"minecraft:walk_under_water_one_cm":24075,"minecraft:jump":5374,"minecraft:interact_with_blast_furnace":28,"minecraft:walk_on_water_one_cm":28036,"minecraft:total_world_time":321018,"minecraft:interact_with_furnace":45,"minecraft:sleep_in_bed":12,"minecraft:time_since_rest":112,"minecraft:damage_taken":5565,"minecraft:damage_dealt":7868,"minecraft:swim_one_cm":45171,"minecraft:fly_one_cm":1269214,"minecraft:open_chest":94,"minecraft:crouch_one_cm":22224,"minecraft:interact_with_smoker":3,"minecraft:fall_one_cm":104959},"minecraft:mined":{"farmersdelight:onions":22,"minecraft:white_bed":3,"butchercraft:meat_hook":1,"butchercraft:pig_hide_carpet":6,"minecraft:spruce_leaves":4,"minecraft:moss_block":1,"minecraft:spruce_sapling":1,"minecraft:furnace":1,"minecraft:carrots":1,"minecraft:iron_ore":12,"treechop:chopped_log":6,"minecraft:potatoes":57,"minecraft:stone":517,"born_in_chaos_v1:mesh_door":1,"minecraft:glass_pane":1,"farmersdelight:organic_compost":1,"minecraft:red_bed":1,"butchercraft:pig_head_wall":3,"minecraft:clay":2,"minecraft:powder_snow":4,"minecraft:crafting_table":1,"minecraft:torch":8,"minecraft:blast_furnace":1,"minecraft:calcite":1,"minecraft:copper_ore":6,"minecraft:tall_grass":3,"minecraft:cobblestone":104,"minecraft:blue_bed":4,"minecraft:wall_torch":6,"minecraft:wheat":5,"minecraft:ice":5,"minecraft:blue_ice":2,"minecraft:spruce_log":6,"minecraft:grass":4,"minecraft:coal_ore":90,"minecraft:gravel":2,"minecraft:dirt":24,"minecraft:smooth_basalt":2,"born_in_chaos_v1:infernal_evil_pumpkin_s":1,"minecraft:fern":1},"minecraft:killed_by":{"goatman:goatman":5,"alexsmobs:tusklin":1,"siren_head:siren_head":1,"alexsmobs:crocodile":1,"mokey:mokey":4,"born_in_chaos_v1:door_knight":1},"minecraft:broken":{"minecraft:golden_hoe":1,"minecraft:stone_pickaxe":1,"easyhammers:iron_hammer":1},"minecraft:killed":{"alexsmobs:raccoon":1,"born_in_chaos_v1:maggot":4,"minecraft:skeleton":1,"minecraft:chicken":4,"mokey:mokey":2,"minecraft:pig":8,"born_in_chaos_v1:baby_skeleton":1,"minecraft:rabbit":2,"born_in_chaos_v1:decrepit_skeleton":2,"minecraft:sheep":7,"minecraft:pillager":2,"minecraft:zombie":5,"born_in_chaos_v1:corpse_fly":1,"minecraft:villager":1,"minecraft:cow":4,"minecraft:enderman":1},"minecraft:used":{"butchercraft:pig_head_item":11,"minecraft:stone_sword":176,"minecraft:armor_stand":1,"minecraft:chest":5,"butchercraft:butcher_knife":3,"minecraft:spruce_planks":1,"minecraft:shield":38,"minecraft:rotten_flesh":2,"simpletomb:grave_key":15,"minecraft:torch":171,"minecraft:dirt":6,"minecraft:carrot":5,"butchercraft:sheep_hide":2,"minecraft:snowball":5,"butchercraft:blood_fluid_bucket":27,"minecraft:wooden_axe":10,"born_in_chaos_v1:gnawed_bones":2,"minecraft:furnace":5,"butchercraft:sheep_head_item":2,"minecraft:potato":43,"minecraft:beetroot_soup":1,"butchercraft:cow_hide":2,"easyhammers:stone_hammer":130,"butchercraft:meat_hook_item":2,"minecraft:stone_pickaxe":131,"minecraft:baked_potato":52,"minecraft:wooden_pickaxe":34,"minecraft:blue_bed":4,"butchercraft:gut_knife":1,"farmersdelight:organic_compost":1,"farmersdelight:onion":1,"minecraft:golden_hoe":16,"minecraft:crafting_table":4,"minecraft:red_bed":1,"minecraft:blast_furnace":1,"minecraft:white_bed":2,"butchercraft:pig_hide":13,"born_in_chaos_v1:monster_flesh":1,"minecraft:bread":6,"minecraft:iron_pickaxe":117,"butchercraft:cow_head_item":2,"minecraft:leather_helmet":1,"minecraft:spruce_sapling":14,"minecraft:stone_axe":20,"minecraft:soul_lantern":1,"butchercraft:lamb_scraps":3,"easyhammers:iron_hammer":245,"born_in_chaos_v1:mesh_door":2,"minecraft:cobblestone":594,"easyhammers:coal_hammer":105,"minecraft:bucket":3,"alexsmobs:animal_dictionary":2,"minecraft:gray_wool":3,"minecraft:bone_meal":1},"minecraft:picked_up":{"minecraft:crafting_table":1,"butchercraft:cubed_beef":18,"minecraft:clay_ball":8,"butchercraft:pork_ribs":42,"butchercraft:pork_scraps":92,"butchercraft:lamb_ribs":4,"butchercraft:cow_carcass":4,"minecraft:red_bed":1,"born_in_chaos_v1:mesh_door":2,"minecraft:raw_copper":133,"butchercraft:beef_roast":42,"minecraft:armor_stand":1,"butchercraft:lamb_stewmeat":12,"minecraft:spruce_planks":11,"minecraft:beef":128,"butchercraft:kidney":24,"butchercraft:pork_stewmeat":60,"born_in_chaos_v1:gnawed_bones":2,"minecraft:calcite":3,"butchercraft:fat":114,"minecraft:light_gray_wool":1,"minecraft:poppy":1,"minecraft:iron_pickaxe":1,"alexsmobs:raccoon_tail":1,"minecraft:sugar_cane":1,"butchercraft:cubed_pork":28,"minecraft:furnace":1,"minecraft:stick":9,"minecraft:raw_iron":28,"butchercraft:splotched_rabbit_carcass":1,"minecraft:torch":27,"minecraft:porkchop":98,"butchercraft:sinew":217,"butchercraft:cubed_lamb":4,"minecraft:carrot":3,"butchercraft:sheep_hide":2,"butchercraft:lung":24,"butchercraft:pork_roast":70,"butchercraft:chicken_scraps":1,"butchercraft:meat_hook_item":1,"minecraft:arrow":1,"minecraft:rotten_flesh":11,"farmersdelight:onion":42,"butchercraft:chicken_carcass":3,"butchercraft:blood_fluid_bucket":24,"butchercraft:sheep_head_item":2,"butchercraft:beef_scraps":72,"minecraft:mutton":20,"minecraft:white_wool":5,"minecraft:cobblestone":3848,"born_in_chaos_v1:corpse_maggot":3,"butchercraft:tripe":88,"minecraft:feather":2,"born_in_chaos_v1:monster_flesh":3,"butchercraft:lamb_roast":14,"butchercraft:pig_head_item":11,"minecraft:brown_wool":1,"minecraft:potato":139,"butchercraft:cow_hide":2,"minecraft:tuff":1,"butchercraft:pig_hide":13,"minecraft:blue_bed":4,"minecraft:dirt":52,"born_in_chaos_v1:monster_skin":1,"farmersdelight:organic_compost":1,"minecraft:bone":175,"minecraft:wheat_seeds":4,"minecraft:iron_ingot":5,"butchercraft:liver":12,"minecraft:smooth_basalt":18,"butchercraft:pig_carcass":8,"minecraft:cooked_porkchop":4,"butchercraft:beef_stewmeat":48,"butchercraft:oxtail":3,"minecraft:poisonous_potato":1,"butchercraft:heart":12,"minecraft:gravel":6,"butchercraft:beef_ribs":12,"minecraft:spruce_sapling":14,"minecraft:blast_furnace":1,"minecraft:white_bed":5,"minecraft:spruce_log":42,"butchercraft:cow_head_item":2,"butchercraft:leather_scrap":81,"butchercraft:sheep_carcass":2,"minecraft:leather_helmet":1,"minecraft:stone_axe":2,"minecraft:netherite_helmet":1,"minecraft:soul_lantern":1,"butchercraft:lamb_scraps":24,"butchercraft:stomach":18,"minecraft:bone_meal":1,"minecraft:gray_wool":4,"butchercraft:cooked_cubed_pork":2,"born_in_chaos_v1:rotten_fish":1,"minecraft:coal":200,"minecraft:ender_pearl":1}},"DataVersion":3120}