{"stats":{"minecraft:dropped":{"minecraft:iron_nugget":4,"minecraft:raw_copper":37,"minecraft:bowl":1,"born_in_chaos_v1:rotten_fish":1,"minecraft:poisonous_potato":1,"farmersdelight:cabbage_seeds":2,"minecraft:rotten_flesh":6,"minecraft:light_gray_wool":1,"minecraft:leather_helmet":2,"minecraft:gray_wool":1,"minecraft:wooden_axe":1,"minecraft:beetroot_seeds":3,"born_in_chaos_v1:corpse_maggot":3,"farmersdelight:onion":4,"minecraft:wooden_sword":1,"minecraft:stone_pickaxe":1,"minecraft:iron_pickaxe":1,"alexsmobs:raccoon_tail":1},"minecraft:crafted":{"minecraft:wooden_sword":1,"easyhammers:coal_hammer":1,"easyhammers:iron_hammer":1,"minecraft:crafting_table":2,"minecraft:spruce_planks":52,"minecraft:baked_potato":37,"minecraft:wooden_pickaxe":1,"minecraft:iron_helmet":1,"minecraft:furnace":1,"minecraft:air":0,"minecraft:stick":40,"minecraft:iron_ingot":8,"minecraft:iron_pickaxe":1,"minecraft:stone_pickaxe":2,"minecraft:wooden_axe":1,"minecraft:stone_sword":1,"easyhammers:stone_hammer":1,"minecraft:torch":112},"minecraft:custom":{"minecraft:interact_with_furnace":20,"minecraft:mob_kills":19,"minecraft:interact_with_crafting_table":17,"minecraft:damage_dealt_resisted":98,"minecraft:leave_game":2,"minecraft:time_since_death":5118,"minecraft:sleep_in_bed":7,"minecraft:time_since_rest":5142,"minecraft:sprint_one_cm":516096,"minecraft:damage_taken":4056,"minecraft:walk_one_cm":257493,"minecraft:drop":21,"minecraft:damage_dealt":2669,"minecraft:swim_one_cm":7838,"minecraft:talked_to_villager":9,"minecraft:fly_one_cm":885585,"minecraft:open_chest":15,"minecraft:crouch_one_cm":19477,"minecraft:play_time":208106,"minecraft:deaths":11,"minecraft:sneak_time":10099,"minecraft:walk_under_water_one_cm":13876,"minecraft:jump":3611,"minecraft:walk_on_water_one_cm":10650,"minecraft:total_world_time":208106,"minecraft:fall_one_cm":75030},"minecraft:mined":{"farmersdelight:onions":1,"minecraft:white_bed":1,"minecraft:glass_pane":1,"minecraft:red_bed":1,"farmersdelight:organic_compost":1,"minecraft:powder_snow":4,"minecraft:crafting_table":1,"minecraft:torch":3,"minecraft:copper_ore":3,"minecraft:cobblestone":78,"minecraft:spruce_leaves":4,"minecraft:blue_bed":1,"minecraft:wall_torch":3,"minecraft:spruce_sapling":1,"minecraft:furnace":1,"minecraft:iron_ore":8,"minecraft:blue_ice":2,"minecraft:ice":5,"minecraft:spruce_log":4,"treechop:chopped_log":3,"minecraft:potatoes":19,"minecraft:coal_ore":70,"minecraft:dirt":17,"born_in_chaos_v1:infernal_evil_pumpkin_s":1,"minecraft:stone":257,"minecraft:fern":1,"born_in_chaos_v1:mesh_door":1},"minecraft:killed_by":{"mokey:mokey":3,"alexsmobs:tusklin":1,"goatman:goatman":5,"born_in_chaos_v1:door_knight":1},"minecraft:broken":{"minecraft:stone_pickaxe":1,"minecraft:golden_hoe":1},"minecraft:killed":{"born_in_chaos_v1:baby_skeleton":1,"alexsmobs:raccoon":1,"born_in_chaos_v1:decrepit_skeleton":1,"born_in_chaos_v1:maggot":4,"minecraft:sheep":5,"minecraft:zombie":4,"born_in_chaos_v1:corpse_fly":1,"minecraft:villager":1},"minecraft:used":{"minecraft:stone_sword":64,"easyhammers:stone_hammer":44,"minecraft:stone_pickaxe":131,"minecraft:baked_potato":31,"minecraft:spruce_planks":1,"minecraft:wooden_pickaxe":34,"minecraft:blue_bed":1,"farmersdelight:organic_compost":1,"minecraft:rotten_flesh":2,"simpletomb:grave_key":11,"minecraft:torch":78,"minecraft:golden_hoe":16,"minecraft:crafting_table":3,"minecraft:red_bed":1,"minecraft:white_bed":1,"minecraft:snowball":5,"minecraft:wooden_axe":10,"born_in_chaos_v1:monster_flesh":1,"minecraft:bread":6,"minecraft:iron_pickaxe":98,"minecraft:leather_helmet":1,"minecraft:spruce_sapling":7,"born_in_chaos_v1:gnawed_bones":2,"minecraft:soul_lantern":1,"butchercraft:lamb_scraps":2,"easyhammers:iron_hammer":24,"born_in_chaos_v1:mesh_door":2,"minecraft:cobblestone":422,"minecraft:furnace":1,"easyhammers:coal_hammer":105,"alexsmobs:animal_dictionary":2,"minecraft:potato":39,"minecraft:gray_wool":3,"minecraft:bone_meal":1,"minecraft:beetroot_soup":1},"minecraft:picked_up":{"born_in_chaos_v1:corpse_maggot":3,"minecraft:crafting_table":1,"born_in_chaos_v1:monster_flesh":3,"minecraft:potato":63,"minecraft:blue_bed":1,"minecraft:dirt":16,"minecraft:red_bed":1,"born_in_chaos_v1:mesh_door":2,"minecraft:raw_copper":52,"born_in_chaos_v1:monster_skin":1,"farmersdelight:organic_compost":1,"minecraft:armor_stand":1,"minecraft:bone":3,"minecraft:spruce_planks":1,"minecraft:iron_ingot":5,"born_in_chaos_v1:gnawed_bones":2,"minecraft:poppy":1,"minecraft:iron_pickaxe":1,"minecraft:light_gray_wool":1,"alexsmobs:raccoon_tail":1,"minecraft:furnace":1,"minecraft:stick":5,"minecraft:raw_iron":8,"minecraft:torch":12,"minecraft:poisonous_potato":1,"minecraft:spruce_sapling":7,"minecraft:white_bed":1,"minecraft:spruce_log":13,"minecraft:leather_helmet":1,"minecraft:rotten_flesh":8,"minecraft:netherite_helmet":1,"minecraft:soul_lantern":1,"farmersdelight:onion":4,"butchercraft:lamb_scraps":5,"minecraft:bone_meal":1,"minecraft:gray_wool":4,"born_in_chaos_v1:rotten_fish":1,"minecraft:white_wool":1,"minecraft:coal":119,"minecraft:cobblestone":1417}},"DataVersion":3120}