{"stats":{"minecraft:custom":{"minecraft:interact_with_crafting_table":60,"minecraft:leave_game":3,"minecraft:time_since_death":40496,"minecraft:sprint_one_cm":1166155,"minecraft:damage_blocked_by_shield":2550,"minecraft:drop":116,"minecraft:talked_to_villager":9,"minecraft:play_time":436858,"minecraft:deaths":18,"minecraft:jump":6628,"minecraft:walk_on_water_one_cm":33440,"minecraft:interact_with_furnace":52,"minecraft:sleep_in_bed":19,"minecraft:damage_dealt":13704,"minecraft:crouch_one_cm":36407,"minecraft:interact_with_smoker":7,"minecraft:mob_kills":86,"minecraft:damage_dealt_resisted":1541,"minecraft:climb_one_cm":2644,"minecraft:walk_one_cm":825948,"minecraft:sneak_time":16572,"minecraft:walk_under_water_one_cm":24246,"minecraft:interact_with_blast_furnace":30,"minecraft:total_world_time":436858,"minecraft:time_since_rest":1422,"minecraft:damage_taken":7595,"minecraft:swim_one_cm":45626,"minecraft:fly_one_cm":1466299,"minecraft:open_chest":216,"minecraft:fall_one_cm":125627},"minecraft:dropped":{"minecraft:moss_block":3,"butchercraft:pork_stewmeat":2,"minecraft:cooked_porkchop":3,"minecraft:glow_berries":1,"minecraft:leather":2,"minecraft:rail":2,"minecraft:leather_helmet":2,"born_in_chaos_v1:monster_flesh":2,"minecraft:dirt":13,"farmersdelight:onion":4,"minecraft:wooden_sword":1,"minecraft:iron_pickaxe":1,"alexsmobs:raccoon_tail":1,"minecraft:bone":7,"minecraft:stone_axe":1,"minecraft:iron_nugget":4,"minecraft:golden_chestplate":1,"minecraft:cobbled_deepslate":525,"minecraft:rotten_flesh":6,"minecraft:white_bed":3,"minecraft:poppy":1,"minecraft:beetroot_seeds":3,"born_in_chaos_v1:corpse_maggot":3,"butchercraft:sheep_head_item":1,"minecraft:arrow":1,"minecraft:quartz":1,"minecraft:iron_ingot":3,"minecraft:wheat_seeds":7,"minecraft:poisonous_potato":1,"minecraft:iron_helmet":1,"minecraft:cobblestone":1717,"butchercraft:brain":1,"butchercraft:eyeball":2,"minecraft:stick":2,"butchercraft:lamb_scraps":1,"minecraft:gray_wool":1,"born_in_chaos_v1:black_argillite":90,"minecraft:wooden_axe":1,"minecraft:brown_wool":1,"minecraft:moss_carpet":1,"minecraft:stone_sword":2,"butchercraft:cooked_cubed_pork":2,"minecraft:raw_copper":54,"minecraft:bowl":1,"butchercraft:chicken_carcass":1,"farmersdelight:cabbage_seeds":3,"born_in_chaos_v1:rotten_fish":1,"minecraft:light_gray_wool":1,"minecraft:clay_ball":32,"minecraft:iron_boots":1,"butchercraft:sheep_carcass":1,"butchercraft:chicken_scraps":1,"minecraft:pumpkin_seeds":4,"knight_quest:kq_goblet_empty":1,"butchercraft:cooked_pork_roast":7,"minecraft:spruce_planks":4,"minecraft:golden_leggings":1,"minecraft:stone_pickaxe":1,"sniffsweapons:binding_string":1},"minecraft:used":{"butchercraft:pig_head_item":11,"butchercraft:butcher_knife":3,"minecraft:chest":9,"minecraft:shield":63,"minecraft:iron_sword":18,"minecraft:rotten_flesh":2,"butchercraft:pig_skull_head_item":1,"minecraft:carrot":5,"minecraft:snowball":5,"minecraft:big_dripleaf":2,"born_in_chaos_v1:gnawed_bones":2,"minecraft:furnace":5,"minecraft:potato":43,"easyhammers:stone_hammer":376,"butchercraft:meat_hook_item":2,"minecraft:stone_pickaxe":131,"minecraft:wooden_pickaxe":34,"minecraft:blue_bed":4,"butchercraft:gut_knife":2,"farmersdelight:organic_compost":1,"minecraft:glow_berries":1,"minecraft:golden_hoe":16,"minecraft:blast_furnace":1,"minecraft:shears":2,"butchercraft:pig_hide":13,"butchercraft:skinning_knife":1,"born_in_chaos_v1:monster_flesh":1,"minecraft:bread":6,"minecraft:string":1,"minecraft:gravel":3,"minecraft:soul_lantern":1,"born_in_chaos_v1:mesh_door":2,"butchercraft:goat_head_item":1,"minecraft:bone_meal":1,"minecraft:stone_sword":260,"minecraft:armor_stand":1,"minecraft:spruce_planks":1,"butchercraft:goat_hide":1,"simpletomb:grave_key":31,"minecraft:torch":262,"minecraft:dirt":29,"butchercraft:sheep_hide":3,"butchercraft:blood_fluid_bucket":48,"minecraft:wooden_axe":10,"butchercraft:sheep_head_item":2,"minecraft:cobbled_deepslate":26,"minecraft:beetroot_soup":1,"minecraft:water_bucket":1,"butchercraft:cow_hide":10,"minecraft:baked_potato":80,"farmersdelight:onion":1,"minecraft:crafting_table":4,"minecraft:red_bed":1,"minecraft:white_bed":2,"minecraft:iron_pickaxe":229,"minecraft:leather_helmet":1,"butchercraft:cow_head_item":6,"minecraft:spruce_sapling":14,"butchercraft:lamb_scraps":3,"minecraft:stone_axe":87,"easyhammers:iron_hammer":245,"minecraft:cobblestone":867,"easyhammers:coal_hammer":105,"minecraft:bucket":11,"alexsmobs:animal_dictionary":2,"minecraft:gray_wool":3},"minecraft:mined":{"minecraft:white_bed":3,"minecraft:carved_pumpkin":2,"minecraft:cave_vines_plant":6,"minecraft:grass_block":1,"minecraft:spawner":5,"minecraft:iron_ore":20,"minecraft:fire":22,"minecraft:cobbled_deepslate":5,"minecraft:moss_carpet":1,"minecraft:cave_vines":9,"minecraft:tripwire":1,"farmersdelight:organic_compost":1,"minecraft:red_bed":1,"butchercraft:pig_head_wall":3,"minecraft:powder_snow":4,"minecraft:clay":2,"minecraft:torch":23,"butchercraft:pig_head":1,"minecraft:blast_furnace":1,"minecraft:calcite":1,"minecraft:cobblestone":136,"minecraft:wall_torch":13,"minecraft:blue_ice":2,"minecraft:wheat":5,"minecraft:grass":6,"minecraft:dirt":34,"minecraft:smooth_basalt":2,"born_in_chaos_v1:infernal_evil_pumpkin_s":1,"minecraft:deepslate":56,"farmersdelight:onions":22,"minecraft:deepslate_diamond_ore":3,"butchercraft:meat_hook":1,"born_in_chaos_v1:infected_diamond_ore":2,"born_in_chaos_v1:black_argillite":7,"minecraft:spruce_leaves":4,"butchercraft:pig_hide_carpet":6,"minecraft:moss_block":4,"butchercraft:cow_hide_carpet":5,"minecraft:spruce_sapling":1,"minecraft:furnace":1,"minecraft:carrots":1,"treechop:chopped_log":7,"minecraft:potatoes":57,"minecraft:deepslate_iron_ore":33,"minecraft:stone":644,"born_in_chaos_v1:mesh_door":1,"minecraft:glass_pane":1,"minecraft:crafting_table":1,"minecraft:tall_grass":6,"minecraft:copper_ore":8,"minecraft:lapis_ore":1,"minecraft:deepslate_gold_ore":45,"minecraft:blue_bed":4,"minecraft:ice":5,"minecraft:spruce_log":6,"minecraft:coal_ore":99,"minecraft:gravel":2,"minecraft:gold_ore":14,"minecraft:fern":1},"minecraft:broken":{"minecraft:stone_pickaxe":1,"minecraft:golden_hoe":1,"easyhammers:stone_hammer":2,"easyhammers:iron_hammer":1},"minecraft:crafted":{"minecraft:chain":1,"minecraft:iron_boots":2,"minecraft:chest":10,"butchercraft:butcher_knife":1,"easyhammers:coal_hammer":1,"sophisticatedbackpacks:backpack":1,"minecraft:crafting_table":3,"minecraft:spruce_planks":144,"minecraft:wooden_pickaxe":1,"minecraft:baked_potato":112,"minecraft:iron_helmet":2,"minecraft:copper_ingot":81,"minecraft:iron_chestplate":1,"minecraft:shield":2,"minecraft:stick":88,"minecraft:iron_ingot":131,"minecraft:iron_pickaxe":2,"minecraft:stone_sword":2,"easyhammers:stone_hammer":2,"minecraft:shears":1,"minecraft:wooden_sword":1,"easyhammers:iron_hammer":2,"minecraft:iron_nugget":9,"minecraft:furnace":4,"butchercraft:cooked_pork_roast":7,"minecraft:iron_axe":1,"minecraft:stone_pickaxe":2,"butchercraft:meat_hook_item":1,"minecraft:dark_oak_planks":64,"sophisticatedbackpacks:iron_backpack":1,"butchercraft:skinning_knife":1,"minecraft:iron_sword":1,"knight_quest:kq_goblet_empty":1,"minecraft:bucket":1,"minecraft:stone_axe":1,"minecraft:air":0,"butchercraft:gut_knife":1,"minecraft:wooden_axe":1,"minecraft:iron_leggings":1,"minecraft:torch":196,"butchercraft:bone_saw":1},"minecraft:killed":{"minecraft:spider":3,"born_in_chaos_v1:siamese_skeletonsright":1,"minecraft:skeleton":6,"minecraft:chicken":4,"mokey:mokey":2,"minecraft:pig":10,"born_in_chaos_v1:diamond_termite":3,"minecraft:sheep":8,"minecraft:pillager":2,"minecraft:goat":1,"minecraft:zombie":15,"born_in_chaos_v1:dread_hound":1,"born_in_chaos_v1:corpse_fly":1,"born_in_chaos_v1:door_knight":1,"minecraft:cow":6,"born_in_chaos_v1:siamese_skeletonsleft":1,"alexsmobs:raccoon":1,"born_in_chaos_v1:maggot":12,"born_in_chaos_v1:baby_skeleton":1,"minecraft:rabbit":2,"born_in_chaos_v1:decrepit_skeleton":2,"minecraft:villager":1,"minecraft:enderman":1},"minecraft:picked_up":{"butchercraft:pork_ribs":42,"butchercraft:pork_scraps":103,"butchercraft:tongue":1,"butchercraft:cow_carcass":6,"born_in_chaos_v1:black_argillite":90,"sniffsweapons:binding_string":1,"minecraft:string":4,"born_in_chaos_v1:mesh_door":2,"minecraft:raw_copper":150,"butchercraft:goat_stewmeat":6,"minecraft:armor_stand":1,"butchercraft:lamb_stewmeat":18,"minecraft:cobbled_deepslate":601,"minecraft:spruce_planks":11,"minecraft:calcite":3,"minecraft:iron_pickaxe":1,"butchercraft:fat":151,"alexsmobs:raccoon_tail":1,"easyhammers:stone_hammer":2,"minecraft:furnace":1,"minecraft:stick":11,"butchercraft:splotched_rabbit_carcass":1,"minecraft:big_dripleaf":2,"minecraft:torch":78,"butchercraft:eyeball":2,"minecraft:porkchop":98,"butchercraft:sheep_hide":3,"butchercraft:meat_hook_item":1,"minecraft:rotten_flesh":24,"farmersdelight:onion":42,"minecraft:carved_pumpkin":1,"butchercraft:blood_fluid_bucket":38,"butchercraft:goat_carcass":1,"minecraft:cobblestone":5070,"butchercraft:tripe":128,"minecraft:feather":2,"butchercraft:lamb_roast":21,"butchercraft:pig_head_item":12,"minecraft:brown_wool":1,"minecraft:potato":139,"butchercraft:cow_hide":11,"butchercraft:goat_ribs":2,"minecraft:tuff":1,"butchercraft:goat_roast":7,"minecraft:dirt":77,"minecraft:lapis_lazuli":22,"born_in_chaos_v1:monster_skin":1,"minecraft:bone":249,"minecraft:bow":1,"minecraft:wheat_seeds":7,"minecraft:raw_gold":59,"minecraft:moss_block":3,"minecraft:cooked_porkchop":4,"butchercraft:beef_stewmeat":144,"minecraft:poisonous_potato":1,"butchercraft:heart":18,"minecraft:dark_oak_log":21,"butchercraft:goat_chop":10,"minecraft:diamond":3,"minecraft:netherite_helmet":1,"minecraft:soul_lantern":1,"minecraft:bone_meal":1,"butchercraft:cooked_cubed_pork":2,"born_in_chaos_v1:rotten_fish":1,"minecraft:crafting_table":1,"born_in_chaos_v1:diamond_termite_shard":3,"butchercraft:cubed_beef":54,"minecraft:clay_ball":40,"butchercraft:lamb_ribs":6,"minecraft:red_bed":1,"minecraft:moss_carpet":1,"butchercraft:beef_roast":126,"butchercraft:brain":1,"minecraft:beef":346,"butchercraft:kidney":36,"born_in_chaos_v1:gnawed_bones":2,"butchercraft:pork_stewmeat":60,"minecraft:poppy":1,"minecraft:light_gray_wool":1,"minecraft:sugar_cane":1,"butchercraft:cubed_pork":28,"minecraft:dark_oak_sapling":8,"minecraft:raw_iron":130,"butchercraft:sinew":291,"butchercraft:cubed_lamb":6,"minecraft:carrot":3,"butchercraft:lung":36,"butchercraft:pork_roast":70,"butchercraft:chicken_scraps":1,"minecraft:arrow":4,"butchercraft:goat_hide":1,"butchercraft:chicken_carcass":3,"butchercraft:sheep_head_item":3,"butchercraft:beef_scraps":203,"minecraft:glow_berries":2,"minecraft:mutton":30,"minecraft:white_wool":7,"minecraft:rail":2,"born_in_chaos_v1:fused_bone":2,"born_in_chaos_v1:corpse_maggot":8,"born_in_chaos_v1:monster_flesh":3,"minecraft:leather":22,"butchercraft:pig_hide":13,"butchercraft:cubed_goat":2,"butchercraft:goat_scraps":9,"minecraft:blue_bed":4,"farmersdelight:organic_compost":1,"minecraft:apple":1,"minecraft:iron_ingot":6,"butchercraft:liver":18,"butchercraft:pig_carcass":8,"minecraft:smooth_basalt":18,"minecraft:quartz":1,"butchercraft:pig_skull_head_item":1,"minecraft:gravel":6,"butchercraft:oxtail":11,"minecraft:spruce_sapling":14,"minecraft:blast_furnace":1,"minecraft:white_bed":5,"minecraft:spruce_log":42,"butchercraft:goat_head_item":1,"butchercraft:sheep_carcass":4,"minecraft:spider_eye":1,"minecraft:leather_helmet":1,"butchercraft:cow_head_item":6,"butchercraft:beef_ribs":36,"butchercraft:leather_scrap":143,"minecraft:pumpkin_seeds":4,"minecraft:stone_axe":2,"butchercraft:lamb_scraps":33,"butchercraft:stomach":36,"knight_quest:kq_great_essence":5,"minecraft:gray_wool":4,"minecraft:coal":245,"minecraft:ender_pearl":1},"minecraft:killed_by":{"alexsmobs:tusklin":1,"siren_head:siren_head":1,"alexsmobs:crocodile":1,"goatman:goatman":7,"mokey:mokey":5,"cave_dweller:cave_dweller":1,"born_in_chaos_v1:door_knight":1}},"DataVersion":3120}