{"stats":{"minecraft:custom":{"minecraft:interact_with_furnace":22,"minecraft:mob_kills":7,"minecraft:interact_with_crafting_table":11,"minecraft:damage_dealt_resisted":9,"minecraft:leave_game":4,"minecraft:time_since_death":1658,"minecraft:sleep_in_bed":9,"minecraft:time_since_rest":1700,"minecraft:sprint_one_cm":324961,"minecraft:damage_taken":2001,"minecraft:walk_one_cm":339792,"minecraft:drop":7,"minecraft:damage_dealt":994,"minecraft:fly_one_cm":123474,"minecraft:open_chest":42,"minecraft:play_time":117782,"minecraft:deaths":8,"minecraft:sneak_time":740,"minecraft:walk_under_water_one_cm":2148,"minecraft:jump":1142,"minecraft:interact_with_blast_furnace":4,"minecraft:interact_with_smoker":5,"minecraft:walk_on_water_one_cm":1574,"minecraft:total_world_time":117782,"minecraft:fall_one_cm":11628},"minecraft:dropped":{"butchercraft:sheep_carcass":1,"minecraft:stick":3,"born_in_chaos_v1:corpse_maggot":2,"minecraft:oak_sapling":1},"minecraft:used":{"minecraft:stone_pickaxe":89,"minecraft:chest":1,"minecraft:wooden_pickaxe":14,"simpletomb:grave_key":2,"minecraft:torch":1,"minecraft:dirt":1,"minecraft:spruce_log":2,"born_in_chaos_v1:corpse_maggot":1,"minecraft:iron_pickaxe":8,"minecraft:cobblestone":25,"easyhammers:coal_hammer":2,"butchercraft:sheep_head_item":1,"minecraft:cooked_beef":2,"minecraft:potato":4,"minecraft:cobbled_deepslate":4,"minecraft:gray_wool":1},"minecraft:mined":{"minecraft:tuff":2,"farmersdelight:onions":7,"butchercraft:sheep_hide_carpet":1,"minecraft:grass_block":9,"minecraft:dead_bush":1,"minecraft:cobblestone":7,"minecraft:copper_ore":7,"minecraft:tall_grass":1,"minecraft:deepslate_coal_ore":2,"minecraft:spruce_leaves":4,"butchercraft:pig_hide_carpet":1,"minecraft:wall_torch":1,"minecraft:gray_wool":3,"minecraft:cobbled_deepslate":5,"minecraft:spruce_log":1,"treechop:chopped_log":4,"minecraft:grass":3,"minecraft:potatoes":9,"minecraft:dirt":16,"minecraft:stone":22,"minecraft:fern":1},"minecraft:broken":{"minecraft:stone_pickaxe":1},"minecraft:crafted":{"minecraft:cooked_beef":28,"minecraft:iron_pickaxe":1,"minecraft:stone_pickaxe":1,"minecraft:chest":1,"minecraft:torch":16},"minecraft:killed":{"minecraft:sheep":3,"minecraft:goat":1,"minecraft:zombie":1,"minecraft:cow":1},"minecraft:picked_up":{"born_in_chaos_v1:corpse_maggot":4,"minecraft:feather":1,"minecraft:golden_leggings":1,"minecraft:potato":21,"minecraft:tuff":2,"minecraft:dirt":25,"minecraft:raw_copper":61,"minecraft:apple":1,"minecraft:cobbled_deepslate":9,"minecraft:iron_ingot":3,"minecraft:stone_pickaxe":1,"minecraft:iron_boots":1,"minecraft:stick":15,"minecraft:bowl":1,"butchercraft:eyeball":2,"minecraft:spruce_sapling":12,"minecraft:spruce_log":50,"butchercraft:sheep_carcass":1,"minecraft:golden_chestplate":1,"minecraft:leather_helmet":1,"butchercraft:leather_scrap":2,"butchercraft:chicken_scraps":1,"minecraft:pumpkin_seeds":8,"minecraft:rotten_flesh":2,"farmersdelight:onion":22,"minecraft:iron_helmet":1,"butchercraft:lamb_scraps":6,"minecraft:carved_pumpkin":1,"minecraft:gray_wool":4,"butchercraft:beef_scraps":1,"butchercraft:sheep_head_item":1,"minecraft:oak_sapling":1,"minecraft:coal":2,"minecraft:white_wool":2,"minecraft:cobblestone":59},"minecraft:killed_by":{"mokey:mokey":1,"goatman:goatman":7}},"DataVersion":3120}