{"stats":{"minecraft:dropped":{"minecraft:oak_sapling":1},"minecraft:custom":{"minecraft:time_since_rest":839,"minecraft:interact_with_furnace":2,"minecraft:sprint_one_cm":210531,"minecraft:damage_taken":1699,"minecraft:walk_one_cm":192512,"minecraft:mob_kills":5,"minecraft:drop":1,"minecraft:damage_dealt":537,"minecraft:interact_with_crafting_table":1,"minecraft:fly_one_cm":105946,"minecraft:open_chest":8,"minecraft:play_time":63405,"minecraft:deaths":7,"minecraft:sneak_time":740,"minecraft:walk_under_water_one_cm":2148,"minecraft:jump":823,"minecraft:leave_game":2,"minecraft:time_since_death":788,"minecraft:walk_on_water_one_cm":1574,"minecraft:sleep_in_bed":6,"minecraft:total_world_time":63405,"minecraft:fall_one_cm":11150},"minecraft:mined":{"farmersdelight:onions":7,"treechop:chopped_log":3,"minecraft:grass":3,"minecraft:grass_block":9,"minecraft:potatoes":9,"minecraft:dead_bush":1,"minecraft:dirt":16,"minecraft:copper_ore":3,"minecraft:tall_grass":1,"minecraft:cobblestone":2,"minecraft:spruce_leaves":4},"minecraft:killed_by":{"goatman:goatman":6,"mokey:mokey":1},"minecraft:killed":{"minecraft:sheep":3,"minecraft:goat":1,"minecraft:cow":1},"minecraft:used":{"born_in_chaos_v1:corpse_maggot":1,"minecraft:stone_pickaxe":3,"minecraft:wooden_pickaxe":14,"simpletomb:grave_key":1,"minecraft:dirt":1,"minecraft:cobblestone":11,"easyhammers:coal_hammer":2,"minecraft:potato":4},"minecraft:picked_up":{"minecraft:stick":3,"born_in_chaos_v1:corpse_maggot":2,"minecraft:bowl":1,"minecraft:potato":21,"minecraft:spruce_sapling":4,"minecraft:spruce_log":36,"minecraft:dirt":25,"minecraft:leather_helmet":1,"minecraft:raw_copper":10,"butchercraft:leather_scrap":2,"minecraft:apple":1,"farmersdelight:onion":22,"butchercraft:lamb_scraps":6,"minecraft:stone_pickaxe":1,"minecraft:gray_wool":1,"butchercraft:beef_scraps":1,"minecraft:oak_sapling":1,"minecraft:white_wool":2,"minecraft:cobblestone":29}},"DataVersion":3120}