{"stats":{"minecraft:custom":{"minecraft:interact_with_furnace":42,"minecraft:mob_kills":10,"minecraft:interact_with_crafting_table":29,"minecraft:damage_dealt_resisted":9,"minecraft:leave_game":6,"minecraft:time_since_death":10,"minecraft:sleep_in_bed":15,"minecraft:climb_one_cm":1296,"minecraft:time_since_rest":91,"minecraft:sprint_one_cm":726789,"minecraft:damage_taken":6811,"minecraft:walk_one_cm":762707,"minecraft:drop":12,"minecraft:damage_dealt":2634,"minecraft:fly_one_cm":192750,"minecraft:open_chest":119,"minecraft:play_time":278006,"minecraft:deaths":22,"minecraft:sneak_time":757,"minecraft:walk_under_water_one_cm":2148,"minecraft:jump":2253,"minecraft:interact_with_blast_furnace":5,"minecraft:walk_on_water_one_cm":3932,"minecraft:interact_with_smoker":5,"minecraft:total_world_time":278006,"minecraft:fall_one_cm":23071},"minecraft:mined":{"minecraft:deepslate_redstone_ore":20,"minecraft:tuff":26,"farmersdelight:onions":7,"minecraft:white_bed":1,"butchercraft:sheep_hide_carpet":3,"minecraft:cave_vines_plant":1,"minecraft:grass_block":10,"minecraft:dead_bush":1,"minecraft:tall_grass":1,"minecraft:copper_ore":7,"minecraft:cobblestone":18,"minecraft:deepslate_coal_ore":5,"minecraft:spruce_leaves":4,"minecraft:deepslate_gold_ore":6,"butchercraft:pig_hide_carpet":2,"minecraft:moss_block":1,"minecraft:wall_torch":1,"minecraft:deepslate_copper_ore":1,"minecraft:gray_wool":3,"minecraft:raw_iron_block":1,"minecraft:furnace":2,"minecraft:cobbled_deepslate":20,"minecraft:spruce_log":1,"treechop:chopped_log":5,"minecraft:deepslate_lapis_ore":3,"minecraft:grass":3,"minecraft:coal_ore":26,"minecraft:potatoes":9,"minecraft:deepslate_iron_ore":21,"minecraft:dirt":16,"minecraft:stone":26,"minecraft:deepslate":22,"minecraft:fern":1},"minecraft:killed":{"minecraft:pig":1,"born_in_chaos_v1:zombie_bruiser":1,"born_in_chaos_v1:maggot":1,"minecraft:sheep":3,"born_in_chaos_v1:zombie_fisherman":1,"minecraft:goat":1,"minecraft:zombie":1,"minecraft:cow":1},"minecraft:dropped":{"minecraft:rotten_flesh":2,"butchercraft:sheep_carcass":1,"minecraft:stick":3,"born_in_chaos_v1:nightmare_stalker_skull":1,"minecraft:torch":5,"born_in_chaos_v1:corpse_maggot":2,"minecraft:oak_sapling":1,"minecraft:bone":2},"minecraft:used":{"easyhammers:stone_hammer":31,"minecraft:stone_pickaxe":89,"butchercraft:butcher_knife":6,"minecraft:chest":3,"minecraft:wooden_pickaxe":14,"minecraft:iron_sword":57,"minecraft:blue_bed":1,"simpletomb:grave_key":16,"minecraft:torch":7,"minecraft:dirt":1,"butchercraft:sheep_hide":2,"minecraft:white_bed":1,"minecraft:tuff":58,"minecraft:spruce_log":2,"born_in_chaos_v1:corpse_maggot":1,"minecraft:iron_pickaxe":196,"minecraft:spruce_sapling":8,"minecraft:cobblestone":51,"minecraft:furnace":3,"easyhammers:coal_hammer":2,"minecraft:egg":1,"butchercraft:sheep_head_item":1,"minecraft:cooked_beef":14,"minecraft:potato":4,"minecraft:cobbled_deepslate":11,"minecraft:gray_wool":1},"minecraft:picked_up":{"born_in_chaos_v1:corpse_maggot":7,"minecraft:feather":1,"minecraft:leather":11,"minecraft:golden_leggings":1,"minecraft:potato":21,"butchercraft:pork_scraps":1,"minecraft:flint":1,"minecraft:tuff":115,"butchercraft:pig_hide":1,"minecraft:blue_bed":2,"minecraft:lapis_lazuli":15,"minecraft:dirt":29,"minecraft:moss_carpet":1,"born_in_chaos_v1:nightmare_stalker_skull":1,"minecraft:raw_copper":63,"minecraft:bone":10,"minecraft:apple":1,"minecraft:bow":1,"minecraft:wheat_seeds":2,"minecraft:cobbled_deepslate":542,"minecraft:raw_gold":5,"minecraft:furnace":2,"minecraft:spore_blossom":1,"minecraft:stone_pickaxe":1,"minecraft:iron_ingot":4,"minecraft:oak_planks":4,"minecraft:azalea":2,"minecraft:moss_block":9,"minecraft:flowering_azalea":1,"easyhammers:stone_hammer":1,"minecraft:iron_sword":2,"minecraft:egg":1,"minecraft:iron_boots":1,"minecraft:dark_oak_sapling":11,"minecraft:stick":28,"minecraft:raw_iron":30,"minecraft:torch":2,"minecraft:bowl":1,"butchercraft:eyeball":2,"minecraft:raw_iron_block":1,"butchercraft:chicken_mask":1,"minecraft:white_bed":1,"minecraft:dark_oak_log":44,"minecraft:spruce_sapling":21,"minecraft:spider_eye":1,"minecraft:spruce_log":67,"minecraft:redstone":84,"butchercraft:sheep_hide":2,"butchercraft:sheep_carcass":1,"minecraft:golden_chestplate":1,"minecraft:leather_helmet":1,"butchercraft:leather_scrap":2,"butchercraft:chicken_scraps":1,"minecraft:pumpkin_seeds":8,"minecraft:rotten_flesh":19,"minecraft:netherite_helmet":1,"farmersdelight:onion":22,"minecraft:iron_helmet":1,"butchercraft:lamb_scraps":6,"minecraft:carved_pumpkin":1,"minecraft:glow_berries":2,"minecraft:gray_wool":4,"butchercraft:sheep_head_item":1,"butchercraft:beef_scraps":1,"minecraft:oak_sapling":1,"minecraft:coal":48,"minecraft:white_wool":2,"minecraft:cobblestone":135},"minecraft:killed_by":{"thestarvedstalker:the_starved_stalker_aggro":2,"minecraft:player":3,"born_in_chaos_v1:nightmare_stalker":1,"mokey:mokey":2,"goatman:goatman":13,"cave_dweller:cave_dweller":1},"minecraft:crafted":{"minecraft:cooked_beef":28,"butchercraft:cooked_chicken_scraps":1,"sophisticatedbackpacks:backpack":1,"minecraft:spruce_planks":12,"minecraft:furnace":1,"minecraft:iron_chestplate":1,"minecraft:iron_ingot":14,"minecraft:stone_pickaxe":1,"minecraft:iron_pickaxe":1,"minecraft:chest":4,"butchercraft:butcher_knife":1,"minecraft:torch":16},"minecraft:broken":{"minecraft:stone_pickaxe":1,"minecraft:iron_boots":1,"minecraft:iron_helmet":1,"minecraft:golden_chestplate":1,"minecraft:golden_leggings":1}},"DataVersion":3120}